geo_ip_region,average_income,urban_ratio,internet_penetration,region_tier
region_0,57450.71229516849,0.5713171520467063,0.8894575387354078,Tier3
region_1,47926.03548243223,0.4443700768059746,0.7462921756215442,Tier1
region_2,59715.32807151039,0.3779124887668938,0.7826829034669159,Tier2
region_3,72845.44784612038,0.5194498614123582,0.7413336699712433,Tier1
region_4,46487.69937914996,0.9128913075431373,0.5956690640210418,Tier1
region_5,46487.945645762295,0.5100819058134909,0.8540015364781376,Tier2
region_6,73688.19223261088,0.6372139041331879,0.6375784575960193,Tier1
region_7,61511.52093729363,0.7569623232818655,0.5119148235514124,Tier3
region_8,42957.88421097572,0.536359241546541,0.8162814249945123,Tier1
region_9,58138.40065378947,0.9316583537686243,0.586784232909454,Tier2
region_10,43048.734607813065,0.9255907417123721,0.960824706332928,Tier2
region_11,43014.05369644615,0.4636584922864867,0.9674250027312679,Tier2
region_12,53629.43407349051,0.6232115288300505,0.9482835512080198,Tier1
region_13,21300.79633013303,0.4955709013809002,0.6813777631251677,Tier2
region_14,24126.23251230451,0.4851463213453539,0.5075737420991451,Tier2
region_15,41565.68706138541,0.3239765157804463,0.9548760956679854,Tier1
region_16,34807.53319498364,0.696216817086933,0.709810232675484,Tier3
region_17,54713.709988929106,0.6267413650987599,0.9736608613313981,Tier1
region_18,36379.638867181835,0.33346118831249305,0.9721737887737338,Tier2
region_19,28815.44447997063,0.48112020175379744,0.9179746331790064,Tier2
region_20,71984.7315338233,0.8903728258783248,0.644279957114097,Tier1
region_21,46613.355492701965,0.455715228933532,0.6886978870149434,Tier3
region_22,51012.92307031886,0.394181666859295,0.91705696904326,Tier2
region_23,28628.77720679815,0.6181442941804158,0.655291782526576,Tier2
region_24,41834.25913212226,0.9406727951718903,0.5830514458761853,Tier2
region_25,51663.83884564799,0.45733592648247523,0.7728326186045915,Tier1
region_26,32735.09633866546,0.736888105813821,0.9587158393387827,Tier2
region_27,55635.47027518508,0.7950527499636664,0.8410546003707368,Tier3
region_28,40990.419651217926,0.45446440359505974,0.7793299733437888,Tier2
region_29,45624.593753100846,0.7733406265977086,0.5476164819476765,Tier2
region_30,40974.40081655905,0.5390590362675145,0.8013535410825932,Tier3
region_31,77784.17276763407,0.7109987898858265,0.985126386551089,Tier2
region_32,49797.541628930994,0.7117943119945815,0.5686411674658968,Tier1
region_33,34134.3360656615,0.648253544648593,0.7539815296582311,Tier1
region_34,62338.173681547836,0.3586883505353654,0.9299128052446981,Tier1
region_35,31687.345250434668,0.8429466221330046,0.8629766226995601,Tier3
region_36,53132.95392507133,0.5085070422316282,0.8415377130876813,Tier2
region_37,20604.948141803365,0.42123703175990523,0.8442172011536835,Tier1
region_38,30077.209266523543,0.3265038420105965,0.67615066409768,Tier3
region_39,52952.91853803685,0.6840804130723571,0.6438600036896017,Tier2
region_40,61076.99869993116,0.7404168351974836,0.8965869661844716,Tier3
region_41,52570.524217849554,0.3107820888031065,0.8969555633927986,Tier1
region_42,48265.27576417639,0.6328604878945325,0.9248654361042508,Tier1
region_43,45483.444566160666,0.44722225387865966,0.9474878707526709,Tier1
region_44,27822.17014448859,0.7193623137661423,0.7505577754418595,Tier3
region_45,39202.33687407937,0.4133381788532444,0.7457429843967278,Tier3
region_46,43090.41843560319,0.7491095297666028,0.8911646376937199,Tier1
region_47,65856.83339328374,0.5513779750953492,0.8184823260811049,Tier3
region_48,55154.27434352692,0.9088744926788774,0.8439637698562746,Tier1
region_49,23554.39766955899,0.3893886136948956,0.8899384080236895,Tier1
region_50,54861.25954092192,0.521693128182668,0.9361026174906075,Tier2
region_51,44223.76579375525,0.3737577888063829,0.6656176268572526,Tier3
region_52,39846.169995410615,0.9010508518810658,0.6840356467935725,Tier1
region_53,59175.14433261302,0.8702705796976375,0.5460511505220258,Tier1
region_54,65464.99283743926,0.4676620580148511,0.7833572690881252,Tier3
region_55,63969.20178674298,0.7289896299222163,0.5176117141604036,Tier2
region_56,37411.73715166042,0.8311944301307903,0.7281430288849055,Tier2
region_57,45361.81436223178,0.6608805275396504,0.7658958710067125,Tier1
region_58,54968.95147105346,0.6442728759314041,0.6404052135428594,Tier3
region_59,64633.17690683539,0.4572039890852936,0.7895082976788153,Tier2
region_60,42812.38643232065,0.3605167990738345,0.5149451224701342,Tier3
region_61,47215.115350042746,0.8831902426696623,0.518300612487115,Tier3
region_62,33404.97538990958,0.8852717371561647,0.9030742747232325,Tier1
region_63,32056.90063878994,0.711515947227624,0.6764934142915189,Tier2
region_64,62187.88733591297,0.5203693641816554,0.5622596511994236,Tier1
region_65,70343.60042856235,0.5269862234982295,0.7558991974268541,Tier2
region_66,48919.848176294996,0.7718711912656555,0.8772968410183193,Tier2
region_67,65052.99346838036,0.883121668969175,0.6057523034734531,Tier2
region_68,55424.54037571451,0.8766061757723262,0.8052163331513101,Tier2
region_69,40323.203680923136,0.8069191048074553,0.5418202578469463,Tier2
region_70,55420.934082626205,0.7173205700002869,0.5253240433726177,Tier3
region_71,73070.54849698953,0.3546909772467817,0.7603637694683925,Tier1
region_72,49462.60941335073,0.40505866416149894,0.7649112095889522,Tier3
region_73,73469.6548372101,0.8840602225426015,0.8123406517341212,Tier2
region_74,10703.823438653832,0.6941788887787335,0.8557847535241041,Tier1
region_75,62328.53756562836,0.30597808355080924,0.9781675189366419,Tier2
region_76,51305.706023572566,0.36595650286292086,0.7529871706675857,Tier1
region_77,45514.88974301199,0.7312761499202363,0.6582486717412105,Tier3
region_78,51376.41164803253,0.30329002950004214,0.8896412354366647,Tier1
region_79,20186.46628098661,0.4045252334213741,0.6327078031184163,Tier1
region_80,46704.92168243732,0.6566769630882809,0.7150959961457617,Tier1
region_81,55356.6885726762,0.7497318785002505,0.5384436268577103,Tier1
region_82,72168.41067112274,0.7237748186766904,0.5124218642735742,Tier1
region_83,42225.94672589529,0.44577505114936383,0.9716977231921833,Tier2
region_84,37872.595956602185,0.7629164938758982,0.9096302590509808,Tier1
region_85,42473.64434623195,0.45421190687292,0.841027360985912,Tier1
region_86,63731.03176553111,0.511509803803524,0.7003869427629923,Tier3
region_87,54931.266644895266,0.7852194133267156,0.5849142168347145,Tier1
region_88,42053.59694349442,0.7222613843806895,0.5766541509088322,Tier3
region_89,57699.01149670034,0.8519952168212155,0.6226190201006517,Tier2
region_90,51456.16324022061,0.7274483799952232,0.769121065705999,Tier1
region_91,64529.674857993334,0.6694005921680565,0.8501520021230305,Tier3
region_92,39469.203591839716,0.3608885990882601,0.8234967145916883,Tier3
region_93,45085.067801033474,0.5390152719886318,0.6371676095035119,Tier2
region_94,44118.377703017635,0.4723815389931215,0.9678839875249651,Tier1
region_95,28047.275778018222,0.4585932681964043,0.8615694891809266,Tier1
region_96,54441.80415596864,0.9324568605890895,0.7716334857305863,Tier3
region_97,53915.82908269834,0.5555135210333942,0.7997431656548326,Tier1
region_98,50076.70184963691,0.8798302608651236,0.7056040305896171,Tier3
region_99,46481.1929993728,0.7102401068982208,0.6213881848555671,Tier1
