campaign_id,campaign_type,campaign_budget,region_target,start_date,end_date
0,Affiliate,"$46,187",region_33,2022-06-06,2022-09-24
1,Email,"$148,311",region_7,2022-02-16,2022-05-30
2,Email,"$396,598",region_39,2022-11-20,2023-01-18
3,Email,"$286,633",region_82,2022-11-28,2023-02-24
4,Search,"$199,089",region_41,2022-06-22,2022-10-16
5,Email,"$71,877",region_40,2022-05-10,2022-08-28
6,Display,"$446,341",region_5,2022-04-05,2022-07-24
7,Affiliate,"$322,066",region_51,2022-04-25,2022-06-07
8,Affiliate,"$104,074",region_25,2022-08-31,2022-10-08
9,Email,"$173,121",region_63,2022-10-19,2022-12-27
10,Search,"$47,131",region_97,2022-10-09,2023-01-12
11,Search,"$446,160",region_58,2022-10-26,2022-12-19
12,Display,"$125,765",region_55,2022-10-10,2023-01-20
13,Email,"$346,107",region_58,2022-03-10,2022-04-30
14,Affiliate,"$116,884",region_69,2022-05-28,2022-06-30
15,Search,"$135,917",region_32,2022-01-11,2022-03-07
16,Email,"$296,429",region_52,2022-09-11,2022-12-07
17,Search,"$309,770",region_21,2022-11-26,2023-01-23
18,Search,"$183,880",region_20,2022-12-26,2023-04-21
19,Affiliate,"$491,680",region_69,2022-02-07,2022-04-14
20,Social,"$457,087",region_69,2022-05-14,2022-08-26
21,Display,"$291,342",region_3,2022-07-19,2022-10-26
22,Display,"$422,974",region_93,2022-01-23,2022-03-11
23,Affiliate,"$25,254",region_74,2022-10-30,2023-02-21
24,Search,"$54,238",region_61,2022-12-12,2023-02-21
25,Email,"$11,252",region_61,2022-10-29,2023-01-07
26,Search,"$311,908",region_93,2022-12-29,2023-03-06
27,Affiliate,"$349,853",region_94,2022-08-06,2022-10-08
28,Display,"$440,657",region_23,2022-05-21,2022-07-06
29,Search,"$495,450",region_54,2022-04-14,2022-06-19
30,Display,"$325,826",region_8,2022-07-29,2022-09-21
31,Email,"$331,638",region_2,2022-04-21,2022-08-04
32,Display,"$91,317",region_30,2022-04-14,2022-08-08
33,Display,"$337,359",region_39,2022-11-12,2023-03-07
34,Social,"$88,587",region_35,2022-06-20,2022-10-12
35,Social,"$16,949",region_23,2022-12-22,2023-02-16
36,Social,"$248,897",region_94,2022-11-20,2023-02-14
37,Display,"$327,537",region_5,2022-05-13,2022-07-12
38,Affiliate,"$214,625",region_65,2022-10-20,2022-11-24
39,Display,"$148,013",region_83,2022-11-24,2023-02-01
40,Affiliate,"$35,934",region_91,2022-05-07,2022-06-17
41,Affiliate,"$426,602",region_74,2022-04-16,2022-07-07
42,Social,"$266,434",region_3,2022-04-02,2022-07-11
43,Search,"$465,102",region_78,2022-10-14,2022-11-22
44,Email,"$347,889",region_5,2022-02-20,2022-05-05
45,Social,"$486,467",region_93,2022-01-29,2022-03-16
46,Social,"$366,600",region_50,2022-10-23,2022-12-17
47,Search,"$325,557",region_61,2022-10-24,2023-02-15
48,Email,"$460,016",region_56,2022-08-02,2022-11-01
49,Display,"$369,383",region_65,2022-09-24,2022-12-08
50,Display,"$314,462",region_78,2022-09-14,2022-12-16
51,Social,"$260,875",region_74,2022-10-29,2022-11-29
52,Email,"$473,389",region_7,2022-04-11,2022-07-03
53,Social,"$80,390",region_25,2022-12-12,2023-03-16
54,Affiliate,"$193,401",region_50,2022-04-20,2022-07-09
55,Social,"$263,490",region_44,2022-07-01,2022-09-21
56,Social,"$53,088",region_43,2022-11-09,2023-01-13
57,Display,"$257,940",region_4,2022-01-01,2022-02-25
58,Display,"$375,340",region_69,2022-11-15,2023-01-12
59,Display,"$443,027",region_25,2022-02-24,2022-04-15
60,Affiliate,"$327,623",region_67,2022-05-29,2022-07-08
61,Display,"$226,464",region_18,2022-11-05,2023-01-13
62,Email,"$228,441",region_83,2022-05-17,2022-06-26
63,Search,"$292,107",region_96,2022-07-21,2022-09-24
64,Email,"$327,267",region_19,2022-11-09,2023-02-05
65,Email,"$135,911",region_11,2022-04-27,2022-07-04
66,Display,"$374,612",region_46,2022-06-03,2022-08-25
67,Search,"$233,777",region_0,2022-10-18,2023-01-10
68,Search,"$345,621",region_89,2022-03-04,2022-04-26
69,Search,"$286,532",region_13,2022-09-01,2022-10-22
70,Affiliate,"$15,569",region_63,2022-01-25,2022-05-03
71,Display,"$79,836",region_37,2022-03-31,2022-06-24
72,Search,"$114,573",region_36,2022-03-16,2022-05-17
73,Affiliate,"$439,802",region_10,2022-10-21,2022-12-25
74,Social,"$268,090",region_99,2022-07-29,2022-09-16
75,Social,"$153,087",region_76,2022-12-13,2023-04-04
76,Affiliate,"$55,002",region_2,2022-01-17,2022-05-07
77,Affiliate,"$257,666",region_32,2022-05-08,2022-08-07
78,Display,"$147,326",region_5,2022-12-30,2023-04-11
79,Display,"$420,360",region_49,2022-09-08,2022-11-02
80,Social,"$165,286",region_9,2022-06-28,2022-10-01
81,Search,"$221,791",region_4,2022-07-01,2022-10-11
82,Social,"$212,846",region_22,2022-06-01,2022-09-11
83,Search,"$147,162",region_9,2022-01-25,2022-04-04
84,Search,"$152,709",region_43,2022-06-29,2022-08-14
85,Display,"$163,487",region_1,2022-07-17,2022-08-16
86,Email,"$34,071",region_12,2022-12-10,2023-04-07
87,Email,"$68,243",region_39,2022-06-10,2022-09-08
88,Affiliate,"$397,971",region_1,2022-06-26,2022-09-06
89,Display,"$380,359",region_83,2022-10-12,2022-12-22
90,Search,"$182,312",region_64,2022-03-04,2022-04-27
91,Email,"$267,218",region_62,2022-05-30,2022-08-06
92,Search,"$224,879",region_72,2022-06-03,2022-08-06
93,Email,"$373,714",region_16,2022-06-05,2022-07-07
94,Email,"$436,650",region_8,2022-02-18,2022-05-02
95,Email,"$341,868",region_74,2022-12-03,2023-02-21
96,Display,"$387,503",region_14,2022-03-25,2022-05-05
97,Social,"$347,841",region_23,2022-12-27,2023-02-13
98,Search,"$38,732",region_37,2022-06-26,2022-09-07
99,Display,"$131,465",region_34,2022-05-28,2022-08-24
100,Display,"$414,530",region_93,2022-04-28,2022-07-15
101,Display,"$427,170",region_94,2022-12-08,2023-03-08
102,Display,"$67,108",region_48,2022-03-04,2022-04-19
103,Display,"$490,260",region_68,2022-07-08,2022-10-19
104,Affiliate,"$490,721",region_61,2022-12-26,2023-03-22
105,Search,"$121,195",region_59,2022-02-18,2022-05-13
106,Display,"$375,225",region_49,2022-11-23,2023-02-07
107,Search,"$46,668",region_77,2022-09-14,2022-10-25
108,Affiliate,"$295,205",region_74,2022-08-12,2022-11-11
109,Affiliate,"$351,396",region_8,2022-05-21,2022-09-07
110,Search,"$49,749",region_33,2022-08-03,2022-11-28
111,Email,"$140,560",region_75,2022-07-30,2022-11-19
112,Social,"$376,824",region_98,2022-11-14,2022-12-21
113,Email,"$157,979",region_34,2022-02-01,2022-03-23
114,Email,"$159,849",region_0,2022-06-07,2022-09-25
115,Email,"$234,301",region_39,2022-10-12,2023-02-05
116,Display,"$61,745",region_63,2022-11-01,2023-02-18
117,Affiliate,"$380,608",region_21,2022-10-13,2023-01-20
118,Email,"$101,865",region_59,2022-05-24,2022-09-02
119,Affiliate,"$384,572",region_63,2022-01-19,2022-03-14
120,Search,"$222,890",region_92,2022-01-18,2022-05-09
121,Social,"$33,624",region_71,2022-09-14,2023-01-10
122,Search,"$33,321",region_10,2022-03-19,2022-04-29
123,Search,"$413,704",region_13,2022-06-24,2022-08-07
124,Display,"$294,718",region_59,2022-07-13,2022-10-09
125,Social,"$408,456",region_29,2022-04-23,2022-06-17
126,Search,"$184,293",region_34,2022-04-24,2022-06-18
127,Search,"$413,694",region_84,2022-08-10,2022-10-25
128,Social,"$269,127",region_36,2022-06-15,2022-08-15
129,Social,"$196,717",region_4,2022-11-15,2022-12-24
130,Search,"$422,478",region_82,2022-05-12,2022-06-26
131,Social,"$390,975",region_77,2022-09-21,2022-12-30
132,Search,"$193,868",region_25,2022-02-24,2022-04-11
133,Search,"$145,504",region_61,2022-12-25,2023-02-15
134,Display,"$105,257",region_3,2022-05-11,2022-07-05
135,Email,"$74,291",region_88,2022-10-15,2023-02-06
136,Search,"$220,176",region_41,2022-09-23,2023-01-16
137,Affiliate,"$200,471",region_88,2022-06-11,2022-07-17
138,Email,"$399,744",region_17,2022-03-28,2022-05-10
139,Email,"$482,930",region_39,2022-02-24,2022-06-12
140,Email,"$322,572",region_71,2022-10-15,2022-11-20
141,Display,"$228,803",region_38,2022-06-27,2022-08-04
142,Search,"$403,518",region_13,2022-12-15,2023-03-02
143,Display,"$485,774",region_31,2022-01-08,2022-04-19
144,Search,"$403,271",region_50,2022-11-17,2023-02-13
145,Display,"$121,317",region_37,2022-11-09,2023-03-05
146,Display,"$149,789",region_96,2022-09-04,2022-12-24
147,Affiliate,"$399,593",region_22,2022-11-19,2023-01-26
148,Display,"$300,843",region_62,2022-09-12,2022-10-29
149,Social,"$83,686",region_14,2022-11-24,2023-02-20
150,Affiliate,"$77,661",region_96,2022-02-23,2022-04-10
151,Display,"$54,247",region_24,2022-09-06,2022-10-19
152,Email,"$255,121",region_16,2022-08-27,2022-10-26
153,Social,"$157,820",region_96,2022-08-17,2022-10-09
154,Social,"$377,257",region_65,2022-03-08,2022-06-05
155,Social,"$276,765",region_77,2022-02-20,2022-05-05
156,Affiliate,"$156,106",region_52,2022-04-07,2022-05-09
157,Display,"$268,930",region_50,2022-04-02,2022-06-07
158,Display,"$408,342",region_38,2022-09-21,2022-12-02
159,Email,"$146,194",region_50,2022-10-18,2022-12-26
160,Email,"$290,174",region_69,2022-04-06,2022-08-03
161,Social,"$354,982",region_5,2022-03-29,2022-06-21
162,Email,"$356,861",region_66,2022-03-19,2022-07-13
163,Affiliate,"$458,874",region_6,2022-10-15,2022-12-22
164,Display,"$48,638",region_50,2022-04-30,2022-06-13
165,Social,"$339,211",region_71,2022-10-29,2022-12-01
166,Email,"$128,033",region_41,2022-06-14,2022-10-07
167,Affiliate,"$115,977",region_63,2022-07-01,2022-08-24
168,Affiliate,"$98,869",region_14,2022-08-11,2022-09-22
169,Email,"$115,186",region_28,2022-11-07,2023-02-26
170,Display,"$306,818",region_32,2022-01-07,2022-03-10
171,Email,"$176,926",region_93,2022-11-26,2023-01-10
172,Social,"$56,271",region_26,2022-09-20,2022-11-30
173,Email,"$345,832",region_35,2022-06-10,2022-09-13
174,Affiliate,"$441,734",region_28,2022-05-31,2022-08-23
175,Email,"$383,220",region_37,2022-03-26,2022-06-05
176,Display,"$151,339",region_56,2022-05-27,2022-07-29
177,Search,"$231,897",region_96,2022-04-22,2022-06-20
178,Email,"$11,062",region_26,2022-02-05,2022-03-19
179,Display,"$257,736",region_54,2022-10-12,2022-11-23
180,Display,"$60,448",region_32,2022-07-07,2022-08-23
181,Affiliate,"$105,462",region_67,2022-03-23,2022-05-23
182,Display,"$409,445",region_85,2022-01-02,2022-03-11
183,Display,"$460,009",region_65,2022-10-30,2023-01-13
184,Display,"$255,885",region_9,2022-07-16,2022-09-12
185,Display,"$57,915",region_4,2022-01-11,2022-04-12
186,Social,"$276,776",region_73,2022-08-22,2022-11-21
187,Social,"$114,592",region_96,2022-07-14,2022-10-08
188,Affiliate,"$144,668",region_37,2022-04-29,2022-06-13
189,Email,"$381,923",region_12,2022-01-20,2022-04-15
190,Display,"$409,384",region_30,2022-09-18,2022-10-27
191,Email,"$118,099",region_46,2022-10-20,2022-12-18
192,Email,"$17,561",region_99,2022-09-13,2022-11-06
193,Affiliate,"$477,010",region_87,2022-08-10,2022-12-01
194,Display,"$92,152",region_51,2022-08-14,2022-09-17
195,Display,"$135,036",region_55,2022-02-22,2022-05-27
196,Search,"$396,193",region_14,2022-12-21,2023-03-09
197,Email,"$36,734",region_28,2022-12-08,2023-01-09
198,Email,"$409,587",region_7,2022-12-30,2023-03-14
199,Social,"$36,069",region_4,2022-10-07,2022-11-19
